run_id,n_components,long_threshold,short_threshold,xgb_params,feature_config,sharpe,sortino,calmar,max_drawdown,cagr,profit_factor,win_rate,expectancy,num_trades
17261124,2,0.6,0.4,"{'max_depth': 5, 'learning_rate': 0.05}","{'returns': True, 'momentum': True}",-1.656666010716994,-1.234433112331347,-2.735624937539006,-0.030688803679673325,-0.08395305664935315,0.1075198914357845,0.25,-57.4810791015625,8
36bc0b47,2,0.6,0.4,"{'max_depth': 5, 'learning_rate': 0.05}","{'returns': True, 'momentum': True}",0.43783270651836986,0.30795146236109705,1.110487692612675,-0.020145713979350516,0.022371567432963868,0.3946227762786779,0.16666666666666666,-32.279296875,12
356c5a84,2,0.6,0.4,"{'max_depth': 5, 'learning_rate': 0.05}","{'returns': True, 'momentum': True}",1.6459876827878872,1.8170740622833492,7.526110023984131,-0.007198524013459061,0.05417688373558471,0.3033483373546947,0.2,-76.7501953125,5
58342e13,2,0.6,0.4,"{'max_depth': 5, 'learning_rate': 0.05}","{'returns': True, 'momentum': True}",2.121435367745667,2.4139655539564906,6.2900680464572565,-0.024041907220515243,0.15122523238365293,5.265388409900056,0.5555555555555556,64.73893229166667,9
2241e78c,2,0.6,0.4,"{'max_depth': 5, 'learning_rate': 0.05}","{'returns': True, 'momentum': True}",0.20848224376132843,0.2296678329403499,0.31110438002285123,-0.05037853652619868,0.015672983372441607,0.6724917323474259,0.5,-19.358506944444443,18
74ac50bc,2,0.6,0.4,"{'max_depth': 5, 'learning_rate': 0.05}","{'returns': True, 'momentum': True}",-0.16684959529711293,-0.1194888576998709,-0.324094626760465,-0.06825292559927652,-0.022120406447407315,0.6211461578008286,0.4375,-19.11553955078125,16
0fd9cd42,2,0.6,0.4,"{'max_depth': 5, 'learning_rate': 0.05}","{'returns': True, 'momentum': True}",-0.7189975609789846,-0.4629785917596945,-1.3884007790926682,-0.0662503366283518,-0.09198201898995517,0.5167251361298237,0.6428571428571429,-39.15736607142857,14
2bd06dbe,2,0.6,0.4,"{'max_depth': 5, 'learning_rate': 0.05}","{'returns': True, 'momentum': True}",1.7883957145423497,2.8051819970336704,7.251046107498339,-0.10883924177639852,0.789198360425825,2.328461803030047,0.6,115.044921875,10
417905e5,2,0.6,0.4,"{'max_depth': 5, 'learning_rate': 0.05}","{'returns': True, 'momentum': True}",-1.5005266027399422,-2.0673534214293916,-1.6274308452910002,-0.09191093109911497,-0.14957868429011556,1.4361458501826108,0.5,17.867954799107142,14
e63768ee,2,0.6,0.4,"{'max_depth': 5, 'learning_rate': 0.05}","{'returns': True, 'momentum': True}",2.171516204768194,1.0626559018084527,5.0305646003422675,-0.019890470099493168,0.10006029476667666,1.755533262679298,0.6363636363636364,41.45472301136363,11
0825d40c,2,0.6,0.4,"{'max_depth': 5, 'learning_rate': 0.05}","{'returns': True, 'momentum': True}",1.5533224699924064,2.4570901863742094,7.935628789953187,-0.006130201191218964,0.048647001061242534,0.16123624208956902,0.3333333333333333,-104.47509765625,6
1732c013,2,0.6,0.4,"{'max_depth': 5, 'learning_rate': 0.05}","{'returns': True, 'momentum': True}",1.3598685182817256,2.2028682730666547,4.678456560085562,-0.03125319490920925,0.14621671474662268,0.5645089253993744,0.46153846153846156,-64.45778245192308,13
a1d93aea,2,0.6,0.4,"{'max_depth': 5, 'learning_rate': 0.05}","{'returns': True, 'momentum': True}",0.35777232312438373,0.28944298895586157,0.6248861713410944,-0.055256035279271365,0.03452873232915232,1.1641090646624317,0.5,15.939104352678571,14
f8845fe8,2,0.6,0.4,"{'max_depth': 5, 'learning_rate': 0.05}","{'returns': True, 'momentum': True}",1.6233911594910628,1.8731796465023143,5.171277187670763,-0.03655445011706293,0.1890331939982164,1.846457387257549,0.5,59.10850694444444,18
43f806bf,2,0.6,0.4,"{'max_depth': 5, 'learning_rate': 0.05}","{'returns': True, 'momentum': True}",3.9762179829768787,3.986621085977843,10.614641666700935,-0.02905984017046137,0.30845979030104886,1.4297322415564762,0.5714285714285714,35.414481026785715,14
f3cafa6d,2,0.6,0.4,"{'max_depth': 5, 'learning_rate': 0.05}","{'returns': True, 'momentum': True}",0.6415908423208959,0.8217178033799412,1.3518579070894952,-0.026435703465511384,0.035737314759324734,0.2828588082706524,0.42857142857142855,-93.02845982142857,7
4d0fd034,2,0.6,0.4,"{'max_depth': 5, 'learning_rate': 0.05}","{'returns': True, 'momentum': True}",0.48597318886405266,0.5488740244659424,0.666573756972673,-0.04487272990953453,0.029910984161418464,1.0298068020190176,0.5,2.9708658854166665,12
3e52b5f0,2,0.6,0.4,"{'max_depth': 5, 'learning_rate': 0.05}","{'returns': True, 'momentum': True}",-0.08794508668932047,-0.09484528861455783,-0.387527633185042,-0.05383248071133001,-0.020861573838541148,0.567355323802887,0.4,-55.8998046875,10
892b19f7,2,0.6,0.4,"{'max_depth': 5, 'learning_rate': 0.05}","{'returns': True, 'momentum': True}",1.667656626574773,1.5801775785215004,3.9757158083626534,-0.032294191278366316,0.1283925267836883,0.35483506163369866,0.4,-102.51015625,5
303e694d,2,0.6,0.4,"{'max_depth': 5, 'learning_rate': 0.05}","{'returns': True, 'momentum': True}",0.08935198857369162,0.08478966685676977,0.10218554203991634,-0.038082472272004175,0.0038914780713348307,1.4926293554825603,0.5,53.75,6
a0935db3,2,0.6,0.4,"{'max_depth': 5, 'learning_rate': 0.05}","{'returns': True, 'momentum': True}",1.9701215057377552,4.3347131110336585,6.588260929187455,-0.03293725897283842,0.21699925640528028,0.6820885554558681,0.4117647058823529,-39.81468290441177,17
6a7ec3ff,2,0.6,0.4,"{'max_depth': 5, 'learning_rate': 0.05}","{'returns': True, 'momentum': True}",1.6226588687596673,3.060560739810625,3.6940451847404083,-0.02332008098566542,0.0861454328728537,0.73433771101448,0.36363636363636365,-28.995916193181817,11
edc178b8,2,0.6,0.4,"{'max_depth': 5, 'learning_rate': 0.05}","{'returns': True, 'trend': True}",-1.0701011787403667,-0.751713603138263,-2.1842430388461467,-0.025414866788223796,-0.05551224586537995,0.0,0.0,-102.799560546875,4
5b85c351,2,0.6,0.4,"{'max_depth': 5, 'learning_rate': 0.05}","{'returns': True, 'trend': True}",1.2867564295117935,1.2122497372354943,2.8628485662583287,-0.03003281939778855,0.08597941395365427,0.5221401004196643,0.3888888888888889,-16.605631510416668,18
e65ad305,2,0.6,0.4,"{'max_depth': 5, 'learning_rate': 0.05}","{'returns': True, 'trend': True}",1.964044792076987,1.3864032218344864,5.632473265723249,-0.01668896320202375,0.09400013906803784,1.0052317559280457,0.5555555555555556,0.35546875,9
fbff3202,2,0.6,0.4,"{'max_depth': 5, 'learning_rate': 0.05}","{'returns': True, 'trend': True}",1.6818391678040605,1.9696230076763312,4.99473864794211,-0.022212475205525398,0.11094550837549355,3.295689260001618,0.45454545454545453,45.35005326704545,11
69359cee,2,0.6,0.4,"{'max_depth': 5, 'learning_rate': 0.05}","{'returns': True, 'trend': True}",0.07442104621642741,0.07514937762706395,0.05338961451981855,-0.04974514221809698,0.002655873967257749,0.8303735858276547,0.5625,-9.618896484375,16
24d2c810,2,0.6,0.4,"{'max_depth': 5, 'learning_rate': 0.05}","{'returns': True, 'trend': True}",2.057832474357372,1.9423295010434152,4.125649203544505,-0.04095486254442013,0.16896539603766159,0.6609057334432931,0.4117647058823529,-22.273494944852942,17
eb041701,2,0.6,0.4,"{'max_depth': 5, 'learning_rate': 0.05}","{'returns': True, 'trend': True}",0.4736915188462929,0.5712686426513324,1.3247555202903138,-0.026803441632713098,0.0355080072657159,0.515041148605384,0.5333333333333333,-40.13684895833333,15
b59a57e1,2,0.6,0.4,"{'max_depth': 5, 'learning_rate': 0.05}","{'returns': True, 'trend': True}",1.5658492769155914,2.3495897137716635,5.639299182455429,-0.11272440374277443,0.6356866378694035,1.224792909038176,0.42857142857142855,34.492885044642854,7
a9a3ed00,2,0.6,0.4,"{'max_depth': 5, 'learning_rate': 0.05}","{'returns': True, 'trend': True}",-0.9367468749890598,-1.3179200535415978,-1.2403662305550478,-0.08115199425523989,-0.1006581932163968,0.5628135339950902,0.4666666666666667,-22.4,15
2ea461d9,2,0.6,0.4,"{'max_depth': 5, 'learning_rate': 0.05}","{'returns': True, 'trend': True}",0.0600862586992067,0.025794477655313383,0.04641300030812157,-0.03857183607389253,0.0017902346395823887,1.2416742700729928,0.7,18.21015625,10
0e7a2691,2,0.6,0.4,"{'max_depth': 5, 'learning_rate': 0.05}","{'returns': True, 'trend': True}",-3.494363683290062,-3.118528757047127,-2.7381067264668806,-0.08090245968296114,-0.22151956904563153,0.08818499321363739,0.25,-165.24365234375,8
9875c952,2,0.6,0.4,"{'max_depth': 5, 'learning_rate': 0.05}","{'returns': True, 'trend': True}",1.4203861829283417,2.3439512253437043,4.411667295112272,-0.0299850744566776,0.13228417232203094,0.8442938307282012,0.4666666666666667,-17.553255208333333,15
f260217d,2,0.6,0.4,"{'max_depth': 5, 'learning_rate': 0.05}","{'returns': True, 'trend': True}",2.0952801731053823,1.874640954523219,6.4587706270503915,-0.032905160968964654,0.2125268871447139,0.670066669365411,0.46153846153846156,-39.79634915865385,13
20f6ad79,2,0.6,0.4,"{'max_depth': 5, 'learning_rate': 0.05}","{'returns': True, 'trend': True}",0.7559863350103472,0.7461235088705991,1.974332258395856,-0.04216200253167994,0.08324180167686346,2.166265045345949,0.5625,69.0938720703125,16
7c24c4a2,2,0.6,0.4,"{'max_depth': 5, 'learning_rate': 0.05}","{'returns': True, 'trend': True}",2.772843470663721,2.404249759255961,9.334944093210552,-0.022660143435802818,0.2115311721173514,2.2392238817176717,0.5833333333333334,64.470703125,12
41ccae11,2,0.6,0.4,"{'max_depth': 5, 'learning_rate': 0.05}","{'returns': True, 'trend': True}",-0.24872005677799103,-0.3004390985783634,-0.586281286638222,-0.02501528948856957,-0.014665996106986157,0.35329691285216863,0.375,-89.418701171875,8
33fef4d2,2,0.6,0.4,"{'max_depth': 5, 'learning_rate': 0.05}","{'returns': True, 'trend': True}",-0.865375516836602,-0.8652818413967903,-0.9582335413147276,-0.05573675620125899,-0.053408829276128,1.237930402602975,0.6666666666666666,23.10568576388889,9
0f15f045,2,0.6,0.4,"{'max_depth': 5, 'learning_rate': 0.05}","{'returns': True, 'trend': True}",-0.3539056022443029,-0.4117826737370396,-0.8902980237554005,-0.06311580428485238,-0.05619187582253671,0.3503189450961686,0.45454545454545453,-71.3409090909091,11
38035a49,2,0.6,0.4,"{'max_depth': 5, 'learning_rate': 0.05}","{'returns': True, 'trend': True}",2.1737074635308087,1.793429955252435,6.988131331302564,-0.02295923324258796,0.16044213716521227,0.5693789721347233,0.4444444444444444,-55.56684027777778,9
be7dd80a,2,0.6,0.4,"{'max_depth': 5, 'learning_rate': 0.05}","{'returns': True, 'trend': True}",0.44022916887959884,0.3880381908548741,0.901658230722236,-0.03272445769704146,0.02950627662845906,1.1506031481846113,0.5,19.7939453125,8
fff9dfc5,2,0.6,0.4,"{'max_depth': 5, 'learning_rate': 0.05}","{'returns': True, 'trend': True}",3.2289487884535935,5.199835677591693,16.360255221937432,-0.01639108025221927,0.2681622562895658,0.47183739054897816,0.375,-94.85302734375,16
1e31e58e,2,0.6,0.4,"{'max_depth': 5, 'learning_rate': 0.05}","{'returns': True, 'trend': True}",1.480124590419174,2.747873899765694,3.8456230823673576,-0.02098344100360638,0.08069440507096237,0.44321727349858137,0.2857142857142857,-68.11453683035714,14
8c98e38d,2,0.6,0.35,"{'max_depth': 5, 'learning_rate': 0.05}","{'returns': True, 'momentum': True}",-1.3026027066108312,-0.9579973795335495,-2.294847958179951,-0.02938956887165502,-0.06744459211690657,0.023711190855612053,0.2,-80.2896484375,5
309ff5b9,2,0.6,0.35,"{'max_depth': 5, 'learning_rate': 0.05}","{'returns': True, 'momentum': True}",2.8366645640906283,2.660691425669633,12.602197502578745,-0.01609842550979984,0.20287553775504952,0.5407990272490897,0.3888888888888889,-15.694498697916666,18
6c7ba1a2,2,0.6,0.35,"{'max_depth': 5, 'learning_rate': 0.05}","{'returns': True, 'momentum': True}",-1.5704746459472727,-0.693938888013193,-2.6895805908443826,-0.01668896320202375,-0.04488631150947919,0.8585885699216396,0.5714285714285714,-8.378627232142858,7
d0d2755c,2,0.6,0.35,"{'max_depth': 5, 'learning_rate': 0.05}","{'returns': True, 'momentum': True}",1.3851719815386656,1.3291816178480247,3.916456208038844,-0.022212475205525353,0.08699418641458867,3.856744022709315,0.6363636363636364,43.33176491477273,11
3930acb4,2,0.6,0.35,"{'max_depth': 5, 'learning_rate': 0.05}","{'returns': True, 'momentum': True}",0.46875708508273023,0.5522849641765502,0.7985046880150726,-0.05037853652619843,0.04022749759150801,0.6854519503167614,0.5,-21.22515869140625,16
75f6670e,2,0.6,0.35,"{'max_depth': 5, 'learning_rate': 0.05}","{'returns': True, 'momentum': True}",0.7427734297277987,0.4952740096555209,1.1786244057072544,-0.061768102601570146,0.07280139322044032,0.8727362299702888,0.45,-6.117578125,20
bb37bc76,2,0.6,0.35,"{'max_depth': 5, 'learning_rate': 0.05}","{'returns': True, 'momentum': True}",-0.5708218855603712,-0.35243012853785227,-1.1388109447404877,-0.0662503366283518,-0.07544660844510864,0.30367894192575834,0.4166666666666667,-81.04597981770833,12
d4ec0509,2,0.6,0.35,"{'max_depth': 5, 'learning_rate': 0.05}","{'returns': True, 'momentum': True}",2.0687659613881513,3.0674496912480516,8.92391817690284,-0.10883924177639835,0.9712724880487242,1.0214334309873234,0.5,3.0150390625,10
111175b9,2,0.6,0.35,"{'max_depth': 5, 'learning_rate': 0.05}","{'returns': True, 'momentum': True}",-2.4012040200087204,-2.7686066338349593,-2.07506801022114,-0.10061122064219183,-0.20877512542391308,2.000127529536322,0.5333333333333333,27.060091145833333,15
459cae8c,2,0.6,0.35,"{'max_depth': 5, 'learning_rate': 0.05}","{'returns': True, 'momentum': True}",2.949523464863151,2.427170432836179,10.760400657040998,-0.019890470099493206,0.21402942752744103,2.010358636646792,0.6666666666666666,50.816813151041664,12
d9a7d65c,2,0.6,0.35,"{'max_depth': 5, 'learning_rate': 0.05}","{'returns': True, 'momentum': True}",0.42423887055545784,0.3175508570519841,0.8989508150562676,-0.01645320955552732,0.014790626140232854,0.20155372777384006,0.3333333333333333,-101.94173177083333,6
28e2735e,2,0.6,0.35,"{'max_depth': 5, 'learning_rate': 0.05}","{'returns': True, 'momentum': True}",1.0690442628568493,1.9260123262157023,3.3893077080981935,-0.034605966665504036,0.11729026956558197,0.6325421939277468,0.38461538461538464,-52.91541466346154,13
ad2d2c43,2,0.6,0.35,"{'max_depth': 5, 'learning_rate': 0.05}","{'returns': True, 'momentum': True}",2.2205368690783147,1.7760461144523974,6.388361776597291,-0.032905160968964765,0.2102100725869156,0.45763628761828373,0.5454545454545454,-84.64586292613636,11
1e56bb5c,2,0.6,0.35,"{'max_depth': 5, 'learning_rate': 0.05}","{'returns': True, 'momentum': True}",0.24417876645384629,0.25371816589777646,0.41714816573812374,-0.04770982836068734,0.019902067388341438,5.059023575759136,0.5882352941176471,117.72357536764706,17
82ac6747,2,0.6,0.35,"{'max_depth': 5, 'learning_rate': 0.05}","{'returns': True, 'momentum': True}",0.2380046577714724,0.22094196786712833,0.5252255636152762,-0.009942708149391133,0.005222164491626158,1.5587519247290282,0.6428571428571429,28.400390625,14
607d504b,2,0.6,0.35,"{'max_depth': 5, 'learning_rate': 0.05}","{'returns': True, 'momentum': True}",-0.3159182920785081,-0.35257698057724896,-0.698418216251646,-0.02501528948856957,-0.01747113386362531,0.4389201575048386,0.375,-61.574951171875,8
e04eb567,2,0.6,0.35,"{'max_depth': 5, 'learning_rate': 0.05}","{'returns': True, 'momentum': True}",0.04112604591363301,0.043281459355227765,0.010842211928047553,-0.05257561860772376,0.0005700359991931414,1.324242935636653,0.5555555555555556,32.10546875,9
1f8f626f,2,0.6,0.35,"{'max_depth': 5, 'learning_rate': 0.05}","{'returns': True, 'momentum': True}",-0.32900660159638795,-0.40099768710369105,-0.8622370858674353,-0.062337172544246755,-0.05374942199576682,0.2644957648207116,0.38461538461538464,-91.47701322115384,13
4e1e0a98,2,0.6,0.35,"{'max_depth': 5, 'learning_rate': 0.05}","{'returns': True, 'momentum': True}",2.020458691191384,1.3420485304286622,7.309784056544523,-0.022205678647655512,0.1623187157433834,9.70469396585198,0.8,153.2451171875,10
9e78880d,2,0.6,0.35,"{'max_depth': 5, 'learning_rate': 0.05}","{'returns': True, 'momentum': True}",0.6516627084855223,0.5843315186457252,1.5359258347207974,-0.02635432448992821,0.04047828784069574,0.6683736258758154,0.3333333333333333,-57.191731770833336,6
7eef755b,2,0.6,0.35,"{'max_depth': 5, 'learning_rate': 0.05}","{'returns': True, 'momentum': True}",3.146259281088408,4.876457773998533,15.70553633603842,-0.016391080252219074,0.2574307064881485,0.5087276682174078,0.4375,-83.6468505859375,16
25339a4e,2,0.6,0.35,"{'max_depth': 5, 'learning_rate': 0.05}","{'returns': True, 'momentum': True}",0.6063369772294114,1.0375539102452627,1.0133899801183845,-0.02950845759853687,0.029903575259105475,0.6294343204632431,0.35714285714285715,-41.282505580357146,14
de30a99e,2,0.6,0.35,"{'max_depth': 5, 'learning_rate': 0.05}","{'returns': True, 'trend': True}",-0.5086925442803973,-0.33796890407183666,-1.0179267441521687,-0.025414866788223796,-0.025870472602797734,0.0,0.0,-82.5796875,5
336512c4,2,0.6,0.35,"{'max_depth': 5, 'learning_rate': 0.05}","{'returns': True, 'trend': True}",1.681064544761504,1.3116630682611727,4.96161724377884,-0.02014571397935055,0.09995532186818212,0.7885671578589253,0.4,-7.606640625,15
4f2bad66,2,0.6,0.35,"{'max_depth': 5, 'learning_rate': 0.05}","{'returns': True, 'trend': True}",-0.07426780603385207,-0.048498789004577283,-0.1787976248784514,-0.021069476349232723,-0.0037671723286755165,1.0452056020192888,0.5714285714285714,2.678431919642857,7
543e44ae,2,0.6,0.35,"{'max_depth': 5, 'learning_rate': 0.05}","{'returns': True, 'trend': True}",0.5320986933415774,0.5793739490704036,1.371399952050942,-0.022921750147589952,0.03143488705332853,2.7164862804878047,0.6363636363636364,39.986328125,11
33ee5d7e,2,0.6,0.35,"{'max_depth': 5, 'learning_rate': 0.05}","{'returns': True, 'trend': True}",-0.03767675972138353,-0.04145071753236214,-0.14960366647226783,-0.056679278728679144,-0.00847942791081402,0.820105476516484,0.5,-7.94683837890625,16
38acb775,2,0.6,0.35,"{'max_depth': 5, 'learning_rate': 0.05}","{'returns': True, 'trend': True}",-1.735375486386798,-1.2867682973213026,-2.074794912956029,-0.07719294509908119,-0.16015952980766768,0.6976521803873235,0.47368421052631576,-17.323756167763158,19
7eb0e7bd,2,0.6,0.35,"{'max_depth': 5, 'learning_rate': 0.05}","{'returns': True, 'trend': True}",-0.11035246214219893,-0.05331024666178707,-0.3013274552650073,-0.0650677369355688,-0.01960669559064787,0.18642777151651707,0.42857142857142855,-126.99274553571429,7
d77b762e,2,0.6,0.35,"{'max_depth': 5, 'learning_rate': 0.05}","{'returns': True, 'trend': True}",1.4867280265248013,2.0489434729696003,5.104640649732327,-0.10883924177639853,0.5555852178578489,0.6351259850460288,0.375,-55.650146484375,8
54bf63c0,2,0.6,0.35,"{'max_depth': 5, 'learning_rate': 0.05}","{'returns': True, 'trend': True}",-1.9700661391293341,-2.2474908994029743,-1.9558357779795086,-0.08612214164200734,-0.16844076589965684,1.146540927348164,0.5,6.48443603515625,16
2a8aca8d,2,0.6,0.35,"{'max_depth': 5, 'learning_rate': 0.05}","{'returns': True, 'trend': True}",2.687392723488734,1.4143565283129704,6.813223109498666,-0.019890470099493244,0.1355182105406596,1.8829448687729302,0.6363636363636364,50.91379616477273,11
aa11a27e,2,0.6,0.35,"{'max_depth': 5, 'learning_rate': 0.05}","{'returns': True, 'trend': True}",-3.170974356115663,-2.7158584020176777,-2.8913504678008093,-0.06866233986339942,-0.19852688848433808,0.04350944925361978,0.125,-178.068603515625,8
ccde7b47,2,0.6,0.35,"{'max_depth': 5, 'learning_rate': 0.05}","{'returns': True, 'trend': True}",2.0150766851625668,3.867398891780143,5.622920529177341,-0.03611568451291282,0.20307562387294964,0.8343295048777777,0.5,-16.74169921875,12
4f5d22cb,2,0.6,0.35,"{'max_depth': 5, 'learning_rate': 0.05}","{'returns': True, 'trend': True}",1.2728628623925378,1.1505756398201847,3.7408858277580976,-0.03290516096896462,0.12309445032889865,0.5025550863980628,0.4166666666666667,-65.300048828125,12
cc644930,2,0.6,0.35,"{'max_depth': 5, 'learning_rate': 0.05}","{'returns': True, 'trend': True}",0.8459693667260111,0.9083915082028128,2.3789275665922927,-0.03655445011706292,0.08696038906510384,3.954231901302605,0.625,115.16888427734375,16
bc06884c,2,0.6,0.35,"{'max_depth': 5, 'learning_rate': 0.05}","{'returns': True, 'trend': True}",2.249841832488494,1.8843172658678384,5.744124445697407,-0.028084886371040108,0.16132308235852544,2.310607827853229,0.5833333333333334,74.98323567708333,12
6448a29c,2,0.6,0.35,"{'max_depth': 5, 'learning_rate': 0.05}","{'returns': True, 'trend': True}",-1.1540358053236794,-1.3734857681760224,-1.5920208027052312,-0.03791484287516278,-0.06036121858855936,0.5391877938508115,0.4444444444444444,-49.87782118055556,9
4344a023,2,0.6,0.35,"{'max_depth': 5, 'learning_rate': 0.05}","{'returns': True, 'trend': True}",-0.2647216581971626,-0.27733811648274437,-0.3777376165008979,-0.04671843067962224,-0.017647308651582927,0.8982820355048178,0.5,-10.11669921875,12
45868e77,2,0.6,0.35,"{'max_depth': 5, 'learning_rate': 0.05}","{'returns': True, 'trend': True}",0.013176409282327268,0.015500191095877042,-0.1825865556926626,-0.04096579349984125,-0.0074798031363528805,0.6432873603351955,0.4166666666666667,-35.91650390625,12
d7b6c03a,2,0.6,0.35,"{'max_depth': 5, 'learning_rate': 0.05}","{'returns': True, 'trend': True}",1.649085983859653,1.3853200165755284,5.383382053760736,-0.021510988451260427,0.11580186918716984,4.130865012734648,0.5714285714285714,92.60686383928571,7
286a4a9c,2,0.6,0.35,"{'max_depth': 5, 'learning_rate': 0.05}","{'returns': True, 'trend': True}",0.2002659630982374,0.18469191183980868,0.33679958271284216,-0.03559545940156443,0.011988535872918815,1.6234506693108577,0.625,78.59375,8
d41a278d,2,0.6,0.35,"{'max_depth': 5, 'learning_rate': 0.05}","{'returns': True, 'trend': True}",2.7201391511146245,4.357862506910651,13.486040923275715,-0.016391080252218845,0.22105077905811976,0.43547286181557776,0.375,-106.815673828125,16
8042beee,2,0.6,0.35,"{'max_depth': 5, 'learning_rate': 0.05}","{'returns': True, 'trend': True}",2.2722126979835453,4.043707817412906,5.079285837145382,-0.023320080985665112,0.11844935707157211,0.9291607877044435,0.3,-9.3451171875,10
6a1d10d6,2,0.65,0.4,"{'max_depth': 5, 'learning_rate': 0.05}","{'returns': True, 'momentum': True}",-1.0411521540460489,-0.7272651384820243,-2.020423324835716,-0.026719422032879376,-0.05398454350135884,0.03232935821455117,0.16666666666666666,-71.8330078125,6
198f6059,2,0.65,0.4,"{'max_depth': 5, 'learning_rate': 0.05}","{'returns': True, 'momentum': True}",1.3165022218172944,1.0781263438699251,3.2616363360981517,-0.024621176750300955,0.0803053247262766,0.5560562642672067,0.3125,-12.8314208984375,16
7e462bd6,2,0.65,0.4,"{'max_depth': 5, 'learning_rate': 0.05}","{'returns': True, 'momentum': True}",1.605091810416241,1.1031535238949401,4.419312394118273,-0.015725028994765466,0.06949381553443623,2.123102041584522,0.6666666666666666,38.849934895833336,6
72114d09,2,0.65,0.4,"{'max_depth': 5, 'learning_rate': 0.05}","{'returns': True, 'momentum': True}",0.31209301158233305,0.3179185826042557,0.7413251376652956,-0.022212475205525446,0.016466666239623118,3.305363533148417,0.625,39.1624755859375,8
4261ff8d,2,0.65,0.4,"{'max_depth': 5, 'learning_rate': 0.05}","{'returns': True, 'momentum': True}",1.1091564051159597,1.3071433079921349,2.2393498069407825,-0.04348856512654094,0.0973861099202511,0.9207657030604097,0.5333333333333333,-2.920052083333333,15
baff29fb,2,0.65,0.4,"{'max_depth': 5, 'learning_rate': 0.05}","{'returns': True, 'momentum': True}",-0.1394065237604702,-0.09259773762249521,-0.25364977079351647,-0.07121804711818433,-0.018064441327889313,0.7696994544609596,0.4375,-13.096923828125,16
3217648c,2,0.65,0.4,"{'max_depth': 5, 'learning_rate': 0.05}","{'returns': True, 'momentum': True}",-0.8324834296478724,-0.5180093287363031,-1.5517935431267127,-0.0662503366283518,-0.10280684460984746,0.47253086951145645,0.5,-54.850179036458336,12
2caf8989,2,0.65,0.4,"{'max_depth': 5, 'learning_rate': 0.05}","{'returns': True, 'momentum': True}",1.6176854823621871,2.420566735223348,6.1387910675663475,-0.10883924177639824,0.6681413652176476,2.717335685459767,0.6,126.25,10
67854fc8,2,0.65,0.4,"{'max_depth': 5, 'learning_rate': 0.05}","{'returns': True, 'momentum': True}",-1.109431554711539,-1.3501755156880144,-1.5832598335730386,-0.06907900494200625,-0.10937001386787193,1.946364784883156,0.5333333333333333,25.993424479166666,15
e2d87ed1,2,0.65,0.4,"{'max_depth': 5, 'learning_rate': 0.05}","{'returns': True, 'momentum': True}",2.177966308883907,5.810781349527038,5.045920644554942,-0.0198904700994932,0.10036573370493551,1.5651147072544005,0.6,35.84521484375,10
c05d2568,2,0.65,0.4,"{'max_depth': 5, 'learning_rate': 0.05}","{'returns': True, 'momentum': True}",1.5533224699924064,2.4570901863742094,7.935628789953187,-0.006130201191218964,0.048647001061242534,0.16123624208956902,0.3333333333333333,-104.47509765625,6
83ab10a2,2,0.65,0.4,"{'max_depth': 5, 'learning_rate': 0.05}","{'returns': True, 'momentum': True}",1.131924880935015,2.155093677744332,3.9547426441559983,-0.029950306565691476,0.11844575458088547,0.41005945761478396,0.36363636363636365,-97.30007102272727,11
485408be,2,0.65,0.4,"{'max_depth': 5, 'learning_rate': 0.05}","{'returns': True, 'momentum': True}",1.6709991551732735,1.4744808150332112,4.945496691010758,-0.032905160968964814,0.16273236468919183,0.6176590506936322,0.5,-46.475179036458336,12
88d104f6,2,0.65,0.4,"{'max_depth': 5, 'learning_rate': 0.05}","{'returns': True, 'momentum': True}",1.1588924390378035,1.2654820595646956,3.5822387977333072,-0.03507012776997056,0.1256295723390528,2.732066065136903,0.5294117647058824,85.53837316176471,17
d6aefdd8,2,0.65,0.4,"{'max_depth': 5, 'learning_rate': 0.05}","{'returns': True, 'momentum': True}",4.859891864757913,4.118096546298184,20.618042703985775,-0.018653761601467075,0.38460405328901826,1.6030163485674433,0.5384615384615384,34.68494591346154,13
fadad8ff,2,0.65,0.4,"{'max_depth': 5, 'learning_rate': 0.05}","{'returns': True, 'momentum': True}",0.6195783194704642,0.7845320476470223,1.3728984387641576,-0.02501528948856957,0.0343434518840906,0.41252651431207515,0.42857142857142855,-72.48577008928571,7
f55f1eab,2,0.65,0.4,"{'max_depth': 5, 'learning_rate': 0.05}","{'returns': True, 'momentum': True}",-1.6358266843214448,-1.2683553948607458,-1.8717215241476033,-0.03896645735924674,-0.0729343569590819,0.6287105904962107,0.42857142857142855,-24.509486607142858,21
4f738b97,2,0.65,0.4,"{'max_depth': 5, 'learning_rate': 0.05}","{'returns': True, 'momentum': True}",-0.5725916428609291,-0.6895996974847788,-1.3412811877898208,-0.06353168756437239,-0.08521385735863318,0.563779687002806,0.25,-73.63134765625,8
cb704581,2,0.65,0.4,"{'max_depth': 5, 'learning_rate': 0.05}","{'returns': True, 'momentum': True}",2.3496308329451225,2.159853743048722,8.40835683077907,-0.021703532583364046,0.1824910464493652,1.391915628054741,0.6363636363636364,27.336115056818183,11
fb78b535,2,0.65,0.4,"{'max_depth': 5, 'learning_rate': 0.05}","{'returns': True, 'momentum': True}",0.8061418168573364,0.8173223062721339,1.5866393656281732,-0.03305903279576569,0.05245276282335465,1.2686639284851413,0.42857142857142855,39.714285714285715,7
9cdc32ae,2,0.65,0.4,"{'max_depth': 5, 'learning_rate': 0.05}","{'returns': True, 'momentum': True}",2.2462943505763984,3.4409349118489225,6.880374821956972,-0.024221231624956575,0.16665115222913918,0.9275178320289934,0.4375,-6.6624755859375,16
9b8a90bd,2,0.65,0.4,"{'max_depth': 5, 'learning_rate': 0.05}","{'returns': True, 'momentum': True}",2.191446888859339,3.921975495053838,6.34107438358978,-0.018691001151601716,0.11852102860606872,0.5411292633992548,0.35714285714285715,-46.457589285714285,14
08990892,2,0.65,0.4,"{'max_depth': 5, 'learning_rate': 0.05}","{'returns': True, 'trend': True}",-1.0701011787403667,-0.751713603138263,-2.1842430388461467,-0.025414866788223796,-0.05551224586537995,0.0,0.0,-102.799560546875,4
62a6815f,2,0.65,0.4,"{'max_depth': 5, 'learning_rate': 0.05}","{'returns': True, 'trend': True}",1.074203931241024,0.9216939387742011,1.8683418990025782,-0.03642108631942398,0.06804704157776942,0.9060353920075003,0.4375,-2.4468994140625,16
21c72131,2,0.65,0.4,"{'max_depth': 5, 'learning_rate': 0.05}","{'returns': True, 'trend': True}",-0.6545838058960938,-0.30274506127725137,-1.5239068925188175,-0.02096235583012963,-0.031944678532966564,7.811843693212556,0.5,59.9437255859375,8
3816287e,2,0.65,0.4,"{'max_depth': 5, 'learning_rate': 0.05}","{'returns': True, 'trend': True}",0.5810510851646579,0.5755204404062327,1.4962087910883255,-0.022212475205525453,0.03323450067433864,2.1580762301542618,0.5555555555555556,26.783528645833332,9
05654474,2,0.65,0.4,"{'max_depth': 5, 'learning_rate': 0.05}","{'returns': True, 'trend': True}",0.7766645542688716,0.8115741739380932,1.3142145903355476,-0.049745142218096575,0.06537579170133934,0.8240371895978482,0.5333333333333333,-10.643424479166667,15
c24c2a4c,2,0.65,0.4,"{'max_depth': 5, 'learning_rate': 0.05}","{'returns': True, 'trend': True}",-0.5210018993151662,-0.3195044859391945,-0.8759941899687177,-0.06032186336302075,-0.05284160183409303,0.6546132975810084,0.35294117647058826,-18.7646484375,17
4e0d5435,2,0.65,0.4,"{'max_depth': 5, 'learning_rate': 0.05}","{'returns': True, 'trend': True}",-1.2647326634604705,-0.5538177232072252,-2.2418983986372085,-0.05767140060725909,-0.12929342066857907,1.1093790858477723,0.4,6.73994140625,10
d4c7f4fc,2,0.65,0.4,"{'max_depth': 5, 'learning_rate': 0.05}","{'returns': True, 'trend': True}",1.0604319502373736,1.5466113491376239,3.2517884629796616,-0.10883924177639856,0.35392219072794684,1.0353461411139238,0.4,4.51494140625,10
4ff94963,2,0.65,0.4,"{'max_depth': 5, 'learning_rate': 0.05}","{'returns': True, 'trend': True}",-1.2197961898434262,-1.6404456319852037,-1.401345114691589,-0.09473312938245236,-0.13275380805954584,0.7048723207938781,0.4666666666666667,-9.433268229166666,15
b17365ea,2,0.65,0.4,"{'max_depth': 5, 'learning_rate': 0.05}","{'returns': True, 'trend': True}",2.16466773106995,1.0593588706140722,5.0140342085682015,-0.0198904700994932,0.09973149750336185,1.6704273751660834,0.6363636363636364,38.65926846590909,11
b83d5a18,2,0.65,0.4,"{'max_depth': 5, 'learning_rate': 0.05}","{'returns': True, 'trend': True}",-2.5978521919853894,-2.3148447146008855,-2.9216199491881962,-0.05898883286368106,-0.17234295087385887,0.04406269817290804,0.125,-175.7310791015625,8
52582074,2,0.65,0.4,"{'max_depth': 5, 'learning_rate': 0.05}","{'returns': True, 'trend': True}",1.3130832840830347,2.5223896342587544,3.7949611380629262,-0.038159765402757694,0.1448148267410636,0.5238643637805975,0.5,-67.6572265625,14
d61eb40b,2,0.65,0.4,"{'max_depth': 5, 'learning_rate': 0.05}","{'returns': True, 'trend': True}",0.23343355823957287,0.17836735338399193,0.40884112582113474,-0.04847451286235799,0.019818374412277517,1.1072035858012945,0.5,9.749790736607142,14
933effca,2,0.65,0.4,"{'max_depth': 5, 'learning_rate': 0.05}","{'returns': True, 'trend': True}",0.9456120304010339,0.9132831018658956,2.525077090696788,-0.04216200253167992,0.10646230669064494,3.1374058655408867,0.5714285714285714,99.16796875,14
874b189b,2,0.65,0.4,"{'max_depth': 5, 'learning_rate': 0.05}","{'returns': True, 'trend': True}",3.668913617782193,2.8526627935802296,16.751008078355245,-0.017668358707181614,0.29596281943527747,1.7084806408410536,0.42857142857142855,39.33579799107143,14
390924be,2,0.65,0.4,"{'max_depth': 5, 'learning_rate': 0.05}","{'returns': True, 'trend': True}",0.436572268017261,0.5104452884662732,0.8959676914550235,-0.02501528948856957,0.022412891174152794,0.3221129674534493,0.375,-74.393798828125,8
528e1d8b,2,0.65,0.4,"{'max_depth': 5, 'learning_rate': 0.05}","{'returns': True, 'trend': True}",-0.003443754428882661,-0.0036466994014311893,-0.044715293937655505,-0.05257561860772373,-0.0023509342399984368,1.3502283860125859,0.625,38.262451171875,8
a3d9fcd8,2,0.65,0.4,"{'max_depth': 5, 'learning_rate': 0.05}","{'returns': True, 'trend': True}",-0.2056037328502649,-0.23442557794106758,-0.6495311972889828,-0.057051966794810276,-0.03705703229992441,0.7932297354945029,0.36363636363636365,-20.740944602272727,11
31135f8e,2,0.65,0.4,"{'max_depth': 5, 'learning_rate': 0.05}","{'returns': True, 'trend': True}",1.7886664522434164,1.338120192515725,5.517354543073807,-0.022766936252124677,0.12561325916253185,2.566538118904726,0.6666666666666666,87.00813802083333,6
8306c04d,2,0.65,0.4,"{'max_depth': 5, 'learning_rate': 0.05}","{'returns': True, 'trend': True}",0.47853246522575293,0.4478220794914037,1.1066616229421091,-0.02635432448992836,0.02916531951156709,0.6864564287479881,0.42857142857142855,-46.36411830357143,7
07e0a87d,2,0.65,0.4,"{'max_depth': 5, 'learning_rate': 0.05}","{'returns': True, 'trend': True}",1.0731145483323414,1.5905790338728567,1.827220655499641,-0.04024911542876821,0.07354401507703456,0.6177971880747477,0.3333333333333333,-56.85013020833333,15
a0b8b996,2,0.65,0.4,"{'max_depth': 5, 'learning_rate': 0.05}","{'returns': True, 'trend': True}",2.1205017187335455,3.7744944059625243,5.557710865523798,-0.020983441003606412,0.11661989806182094,0.4880569862129129,0.25,-53.679524739583336,12
5202ddce,2,0.65,0.35,"{'max_depth': 5, 'learning_rate': 0.05}","{'returns': True, 'momentum': True}",-2.0008750563598787,-1.6215868712801578,-2.726002452622538,-0.03883982783461937,-0.10587746593660952,0.17820155327389503,0.16666666666666666,-66.09993489583333,6
f346dda2,2,0.65,0.35,"{'max_depth': 5, 'learning_rate': 0.05}","{'returns': True, 'momentum': True}",0.45561261935382996,0.3339370148937846,1.1768713836731322,-0.02014571397935055,0.023708914285961447,0.7520961271988005,0.35714285714285715,-7.600027901785714,14
208928a4,2,0.65,0.35,"{'max_depth': 5, 'learning_rate': 0.05}","{'returns': True, 'momentum': True}",-0.34630074239305625,-0.23047039394084706,-0.5199531754384012,-0.024664571149435918,-0.012824422089975585,1.3484506045527138,0.625,13.343505859375,8
19cba996,2,0.65,0.35,"{'max_depth': 5, 'learning_rate': 0.05}","{'returns': True, 'momentum': True}",1.1182656140176994,1.2981954589245643,3.1398273603746274,-0.01998619272292449,0.06275319474115859,2.6108286519195185,0.6666666666666666,31.455729166666668,9
eb8cf32e,2,0.65,0.35,"{'max_depth': 5, 'learning_rate': 0.05}","{'returns': True, 'momentum': True}",0.2881186467286356,0.29928421717390497,0.5279485394294295,-0.04351566298202803,0.022974030713664995,1.084979635124615,0.5714285714285714,4.728515625,14
aa3173c2,2,0.65,0.35,"{'max_depth': 5, 'learning_rate': 0.05}","{'returns': True, 'momentum': True}",-0.9686417180829752,-0.7102748984637185,-1.2493627513050374,-0.07701162608668402,-0.09621545705013435,0.7110465511126538,0.42857142857142855,-17.807105654761905,21
d15cc3a7,2,0.65,0.35,"{'max_depth': 5, 'learning_rate': 0.05}","{'returns': True, 'momentum': True}",-1.4423729986228835,-0.8919551310554328,-2.1591738171277424,-0.07520271134125699,-0.16237572530505762,0.3306911496350365,0.5,-80.2333984375,12
b35054b4,2,0.65,0.35,"{'max_depth': 5, 'learning_rate': 0.05}","{'returns': True, 'momentum': True}",1.4341830349188007,2.003498529835798,4.860375591742321,-0.10883924177639863,0.5289995941537491,0.6977415373681203,0.375,-46.10009765625,8
1faa084b,2,0.65,0.35,"{'max_depth': 5, 'learning_rate': 0.05}","{'returns': True, 'momentum': True}",-0.4786911302589444,-0.6110764844463213,-0.8071372208062759,-0.060356720112621484,-0.048716155328683564,0.8833366806301618,0.3333333333333333,-7.450130208333333,15
723ceac7,2,0.65,0.35,"{'max_depth': 5, 'learning_rate': 0.05}","{'returns': True, 'momentum': True}",3.167839095711184,1.7805638392834007,8.730279980766309,-0.019890470099493244,0.1736493729176367,2.3976856862651514,0.6666666666666666,73.87931315104167,12
21404f59,2,0.65,0.35,"{'max_depth': 5, 'learning_rate': 0.05}","{'returns': True, 'momentum': True}",0.6171423225036475,0.2662621317623153,1.2503931591801964,-0.02373244239529957,0.02967488362172066,0.22553417904252177,0.3333333333333333,-88.36637369791667,6
a5733284,2,0.65,0.35,"{'max_depth': 5, 'learning_rate': 0.05}","{'returns': True, 'momentum': True}",1.535184206975917,2.395131776423653,5.701367208465505,-0.029770636592750876,0.16973333124505308,0.5144921844317022,0.4,-74.04322916666666,15
cb2b60a8,2,0.65,0.35,"{'max_depth': 5, 'learning_rate': 0.05}","{'returns': True, 'momentum': True}",2.637452094203109,1.8983850085287766,7.724300758317578,-0.03290516096896456,0.2541693598251349,0.5923999815007451,0.5,-57.66533203125,10
a9440a67,2,0.65,0.35,"{'max_depth': 5, 'learning_rate': 0.05}","{'returns': True, 'momentum': True}",0.4730216972443232,0.4392311953378079,0.8016086534561416,-0.05848279976282508,0.04688031836822337,3.12370346649347,0.5714285714285714,98.5322265625,14
0e45b750,2,0.65,0.35,"{'max_depth': 5, 'learning_rate': 0.05}","{'returns': True, 'momentum': True}",2.689826700200069,1.9825253574493436,5.887721907522753,-0.028084886371040372,0.16535600075706158,1.6705529708646343,0.36363636363636365,44.96360085227273,11
bb6d43c5,2,0.65,0.35,"{'max_depth': 5, 'learning_rate': 0.05}","{'returns': True, 'momentum': True}",-0.9808085537513539,-1.1735075179717853,-1.4785843967654055,-0.035173810644046566,-0.05200744759306819,0.4279676514812858,0.375,-65.2939453125,8
3c4672bf,2,0.65,0.35,"{'max_depth': 5, 'learning_rate': 0.05}","{'returns': True, 'momentum': True}",-0.48539521453985335,-0.48793962562509546,-0.5903724185402397,-0.05324921405188761,-0.031436867285179804,1.0721085637527168,0.5454545454545454,6.7863991477272725,11
d651b2ca,2,0.65,0.35,"{'max_depth': 5, 'learning_rate': 0.05}","{'returns': True, 'momentum': True}",0.6130490216763488,1.0338789651475386,2.3237169366289,-0.030843650561264823,0.07167191319667454,0.1296878528966825,0.3,-199.4451171875,10
105fa808,2,0.65,0.35,"{'max_depth': 5, 'learning_rate': 0.05}","{'returns': True, 'momentum': True}",0.002656687431151304,,-0.020600470124914647,-0.008748875168602677,-0.00018023094153740704,inf,1.0,186.19921875,1
dab60902,2,0.65,0.35,"{'max_depth': 5, 'learning_rate': 0.05}","{'returns': True, 'momentum': True}",-0.47262436595200613,-0.5103237100650317,-0.9031088190956074,-0.042960825374786245,-0.03879830027159581,0.9007243054038416,0.35,-12.11484375,20
94f65afd,2,0.65,0.35,"{'max_depth': 5, 'learning_rate': 0.05}","{'returns': True, 'momentum': True}",2.649076183541157,4.222535778982317,11.082755889220298,-0.019280045431975763,0.2136760370556643,0.47899338721976886,0.4117647058823529,-98.04124540441177,17
9bc22e8a,2,0.65,0.35,"{'max_depth': 5, 'learning_rate': 0.05}","{'returns': True, 'momentum': True}",1.712966501304853,2.823958715668702,4.769645447881825,-0.018512904466736466,0.08829999051684068,0.6910060675898599,0.375,-35.875244140625,16
7d2d3b7e,2,0.65,0.35,"{'max_depth': 5, 'learning_rate': 0.05}","{'returns': True, 'trend': True}",-1.8830001337016005,-1.4105255824855414,-2.3889322329259435,-0.03883982783461937,-0.09278571663541646,0.19209516756665443,0.14285714285714285,-57.378487723214285,7
3a95a8b7,2,0.65,0.35,"{'max_depth': 5, 'learning_rate': 0.05}","{'returns': True, 'trend': True}",2.4628474294672813,1.9176897039053435,8.145593813850228,-0.02014571397935061,0.1640988031657944,0.5091457784769005,0.23529411764705882,-16.491325827205884,17
78dd5dd0,2,0.65,0.35,"{'max_depth': 5, 'learning_rate': 0.05}","{'returns': True, 'trend': True}",-0.3619826934406778,-0.1840688912298792,-1.0204615528269654,-0.019023530088059015,-0.0194127810539112,103.00537634408602,0.8,111.169921875,5
288475e6,2,0.65,0.35,"{'max_depth': 5, 'learning_rate': 0.05}","{'returns': True, 'trend': True}",0.843233346852761,0.8424002919237643,2.2432599484901354,-0.022212475205525325,0.04982835598538515,3.1786508428439535,0.625,61.356201171875,8
f32e28b6,2,0.65,0.35,"{'max_depth': 5, 'learning_rate': 0.05}","{'returns': True, 'trend': True}",0.9399058264049669,1.0190319300308266,1.762053921418052,-0.04743437455926445,0.0835819257021646,0.680672301792283,0.47058823529411764,-18.750229779411764,17
0cf99572,2,0.65,0.35,"{'max_depth': 5, 'learning_rate': 0.05}","{'returns': True, 'trend': True}",1.0040283472526177,0.995621580339306,1.5978285158924248,-0.04899634570500541,0.07828775834198098,0.6212559954983521,0.42105263157894735,-21.794716282894736,19
e93d340e,2,0.65,0.35,"{'max_depth': 5, 'learning_rate': 0.05}","{'returns': True, 'trend': True}",-1.3534640669751623,-0.7570033276379894,-2.5062443808493393,-0.05788938393983249,-0.14508494321003518,0.5859135645093451,0.4166666666666667,-41.741617838541664,12
6aa8d6d6,2,0.65,0.35,"{'max_depth': 5, 'learning_rate': 0.05}","{'returns': True, 'trend': True}",1.4702236032701743,2.0538480491550315,5.030224912833116,-0.10883924177639849,0.5474858654775066,1.0514272862752254,0.4444444444444444,6.972113715277778,9
e3a3d3ff,2,0.65,0.35,"{'max_depth': 5, 'learning_rate': 0.05}","{'returns': True, 'trend': True}",0.04841667586923127,0.06686399881517496,-0.011414176148086467,-0.0771461838531287,-0.0008805601316522749,0.9268956651942535,0.5,-2.8641183035714284,14
42dbf14f,2,0.65,0.35,"{'max_depth': 5, 'learning_rate': 0.05}","{'returns': True, 'trend': True}",2.177966308883907,5.810781349527038,5.045920644554942,-0.0198904700994932,0.10036573370493551,1.5651147072544005,0.6,35.84521484375,10
819ce950,2,0.65,0.35,"{'max_depth': 5, 'learning_rate': 0.05}","{'returns': True, 'trend': True}",-4.824432320123447,-3.83617148442147,-2.820585721403893,-0.09156550159797971,-0.25826834638044693,0.04089281873639982,0.16666666666666666,-253.30810546875,6
f86876fa,2,0.65,0.35,"{'max_depth': 5, 'learning_rate': 0.05}","{'returns': True, 'trend': True}",1.2070088177154528,2.0495292763483888,4.204228806002126,-0.031113149096757352,0.13080679767802628,0.5419006514460158,0.4,-88.394921875,10
79f380b0,2,0.65,0.35,"{'max_depth': 5, 'learning_rate': 0.05}","{'returns': True, 'trend': True}",1.6539443510946479,1.4379233200356487,4.779823614033903,-0.03290516096896475,0.15728086542304442,0.5111867374064751,0.46153846153846156,-55.70785757211539,13
0308ba6a,2,0.65,0.35,"{'max_depth': 5, 'learning_rate': 0.05}","{'returns': True, 'trend': True}",1.0281922196998285,0.9836502157898307,2.362574057830941,-0.04394557117598162,0.10382466641693733,3.3484154334073457,0.5384615384615384,105.35374098557692,13
bed1ec71,2,0.65,0.35,"{'max_depth': 5, 'learning_rate': 0.05}","{'returns': True, 'trend': True}",1.4639639853403639,0.9571434122381584,2.507095215653731,-0.029059840170461093,0.07285578625902511,0.9476463401205015,0.375,-7.3125,8
4de20b4b,2,0.65,0.35,"{'max_depth': 5, 'learning_rate': 0.05}","{'returns': True, 'trend': True}",-0.010423555318937362,-0.01193953058726967,-0.07742301513418223,-0.02501528948856957,-0.0019367591366594716,0.5984988502546722,0.5555555555555556,-36.300130208333336,9
ce7f0fb3,2,0.65,0.35,"{'max_depth': 5, 'learning_rate': 0.05}","{'returns': True, 'trend': True}",-0.7509922205433786,-0.7479980906259919,-0.8643942643259706,-0.05392433169017673,-0.04661188302059993,1.1820524972565278,0.6,14.0298828125,10
3e5bdbe4,2,0.65,0.35,"{'max_depth': 5, 'learning_rate': 0.05}","{'returns': True, 'trend': True}",0.4067994399351821,0.6980150393176265,1.3031795351671382,-0.034287297547113106,0.04468250447958422,0.11421347898127315,0.3,-179.6951171875,10
e1a0c465,2,0.65,0.35,"{'max_depth': 5, 'learning_rate': 0.05}","{'returns': True, 'trend': True}",2.6064899792942278,1.938991445469224,9.141114042751951,-0.021703532583364046,0.1983944664751136,0.9876696510946449,0.5454545454545454,-1.1319247159090908,11
01cf6790,2,0.65,0.35,"{'max_depth': 5, 'learning_rate': 0.05}","{'returns': True, 'trend': True}",0.546764290887767,0.5483651400541809,1.0348620457212907,-0.03305903279576583,0.03421153830859347,1.029813587219135,0.3333333333333333,5.1416015625,6
277d59a2,2,0.65,0.35,"{'max_depth': 5, 'learning_rate': 0.05}","{'returns': True, 'trend': True}",2.5627946648792834,4.062402556136544,12.32079323573912,-0.01684117592483957,0.20749664641665588,0.5798655251106585,0.5,-70.3187255859375,16
b5202c69,2,0.65,0.35,"{'max_depth': 5, 'learning_rate': 0.05}","{'returns': True, 'trend': True}",2.449703005474856,4.2924247333291135,9.210868866153978,-0.014336960429992942,0.13205586245990353,0.8670640197951173,0.45454545454545453,-11.714133522727273,11
